request_id,true_label,comments
REQ-00000,1,annotation simulée (conseiller)
REQ-00001,2,annotation simulée (conseiller)
REQ-00002,2,annotation simulée (conseiller)
REQ-00003,1,annotation simulée (conseiller)
REQ-00004,0,annotation simulée (conseiller)
REQ-00005,1,annotation simulée (conseiller)
REQ-00006,1,annotation simulée (conseiller)
REQ-00007,2,annotation simulée (conseiller)
REQ-00008,0,annotation simulée (conseiller)
REQ-00009,1,annotation simulée (conseiller)
REQ-00010,1,annotation simulée (conseiller)
REQ-00011,2,annotation simulée (conseiller)
REQ-00012,1,annotation simulée (conseiller)
REQ-00013,0,annotation simulée (conseiller)
REQ-00014,0,annotation simulée (conseiller)
REQ-00015,1,annotation simulée (conseiller)
REQ-00016,0,annotation simulée (conseiller)
REQ-00017,1,annotation simulée (conseiller)
REQ-00018,0,annotation simulée (conseiller)
REQ-00019,2,annotation simulée (conseiller)
REQ-00020,1,annotation simulée (conseiller)
REQ-00021,1,annotation simulée (conseiller)
REQ-00022,1,annotation simulée (conseiller)
REQ-00023,1,annotation simulée (conseiller)
REQ-00024,2,annotation simulée (conseiller)
REQ-00025,0,annotation simulée (conseiller)
REQ-00026,1,annotation simulée (conseiller)
REQ-00027,2,annotation simulée (conseiller)
REQ-00028,1,annotation simulée (conseiller)
REQ-00029,2,annotation simulée (conseiller)
REQ-00030,0,annotation simulée (conseiller)
REQ-00031,1,annotation simulée (conseiller)
REQ-00032,2,annotation simulée (conseiller)
REQ-00033,1,annotation simulée (conseiller)
REQ-00034,1,annotation simulée (conseiller)
REQ-00035,2,annotation simulée (conseiller)
REQ-00036,2,annotation simulée (conseiller)
REQ-00037,0,annotation simulée (conseiller)
REQ-00038,0,annotation simulée (conseiller)
REQ-00039,1,annotation simulée (conseiller)
REQ-00040,0,annotation simulée (conseiller)
REQ-00041,1,annotation simulée (conseiller)
REQ-00042,2,annotation simulée (conseiller)
REQ-00043,1,annotation simulée (conseiller)
REQ-00044,1,annotation simulée (conseiller)
REQ-00045,1,annotation simulée (conseiller)
REQ-00046,0,annotation simulée (conseiller)
REQ-00047,2,annotation simulée (conseiller)
REQ-00048,1,annotation simulée (conseiller)
REQ-00049,0,annotation simulée (conseiller)
REQ-00050,0,annotation simulée (conseiller)
REQ-00051,2,annotation simulée (conseiller)
REQ-00052,2,annotation simulée (conseiller)
REQ-00053,1,annotation simulée (conseiller)
REQ-00054,0,annotation simulée (conseiller)
REQ-00055,0,annotation simulée (conseiller)
REQ-00056,0,annotation simulée (conseiller)
REQ-00057,0,annotation simulée (conseiller)
REQ-00058,1,annotation simulée (conseiller)
REQ-00059,1,annotation simulée (conseiller)
REQ-00060,0,annotation simulée (conseiller)
REQ-00061,0,annotation simulée (conseiller)
REQ-00062,1,annotation simulée (conseiller)
REQ-00063,0,annotation simulée (conseiller)
REQ-00064,1,annotation simulée (conseiller)
REQ-00065,0,annotation simulée (conseiller)
REQ-00066,2,annotation simulée (conseiller)
REQ-00067,0,annotation simulée (conseiller)
REQ-00068,1,annotation simulée (conseiller)
REQ-00069,1,annotation simulée (conseiller)
REQ-00070,1,annotation simulée (conseiller)
REQ-00071,1,annotation simulée (conseiller)
REQ-00072,1,annotation simulée (conseiller)
REQ-00073,1,annotation simulée (conseiller)
REQ-00074,0,annotation simulée (conseiller)
REQ-00075,1,annotation simulée (conseiller)
REQ-00076,1,annotation simulée (conseiller)
REQ-00077,1,annotation simulée (conseiller)
REQ-00078,1,annotation simulée (conseiller)
REQ-00079,2,annotation simulée (conseiller)
REQ-00080,1,annotation simulée (conseiller)
REQ-00081,0,annotation simulée (conseiller)
REQ-00082,1,annotation simulée (conseiller)
REQ-00083,0,annotation simulée (conseiller)
REQ-00084,2,annotation simulée (conseiller)
REQ-00085,0,annotation simulée (conseiller)
REQ-00086,0,annotation simulée (conseiller)
REQ-00087,0,annotation simulée (conseiller)
REQ-00088,1,annotation simulée (conseiller)
REQ-00089,1,annotation simulée (conseiller)
REQ-00090,1,annotation simulée (conseiller)
REQ-00091,0,annotation simulée (conseiller)
REQ-00092,1,annotation simulée (conseiller)
REQ-00093,1,annotation simulée (conseiller)
REQ-00094,0,annotation simulée (conseiller)
REQ-00095,0,annotation simulée (conseiller)
REQ-00096,0,annotation simulée (conseiller)
REQ-00097,0,annotation simulée (conseiller)
REQ-00098,1,annotation simulée (conseiller)
REQ-00099,1,annotation simulée (conseiller)
