request_id,nationalite_hors_ue,age,anciennete_poste_ans,niveau_diplome,code_rome_vise,est_allocataire,departement,famille_thematique,classe_retour_emploi,prediction,probability,model_version,timestamp
REQ-00000,0,61.0,0.4,Bac,A1401,1.0,14,réactualisation des compétences sur les outils numériques,1,1,0.7633,v2.0.0,2026-09-01T08:00:00+00:00
REQ-00001,0,58.0,14.5,Bac+2,N1303,0.0,26,garde d'enfants et absence de moyen de transport,2,2,0.7333,v2.0.0,2026-09-01T09:00:00+00:00
REQ-00002,0,22.0,5.0,Bac,C1201,1.0,51,garde d'enfants et absence de moyen de transport,2,0,0.3667,v2.0.0,2026-09-01T10:00:00+00:00
REQ-00003,0,42.0,0.9,Bac,K1903,1.0,62,réactualisation des compétences sur les outils numériques,1,1,0.85,v2.0.0,2026-09-01T11:00:00+00:00
REQ-00004,0,58.0,0.3,Sans diplôme,H1504,0.0,57,profil autonome sans aucun frein,0,2,0.52,v2.0.0,2026-09-01T12:00:00+00:00
REQ-00005,0,32.0,0.9,Sans diplôme,K1403,0.0,2B,mobilité géographique et zone mal desservie,1,1,0.8333,v2.0.0,2026-09-01T13:00:00+00:00
REQ-00006,0,21.0,0.0,Bac,D1502,1.0,55,réactualisation des compétences sur les outils numériques,1,1,0.8167,v2.0.0,2026-09-01T14:00:00+00:00
REQ-00007,0,56.0,3.4,Sans diplôme,K1601,1.0,78,freins périphériques et illettrisme numérique,2,2,0.91,v2.0.0,2026-09-01T15:00:00+00:00
REQ-00008,0,21.0,2.4,Bac+5,J1301,0.0,38,compétences techniques à jour et reprise rapide,0,0,0.9167,v2.0.0,2026-09-01T16:00:00+00:00
REQ-00009,0,18.0,1.0,Bac+5,F1603,1.0,02,reconversion et besoin de formation,1,1,0.5567,v2.0.0,2026-09-01T17:00:00+00:00
REQ-00010,0,21.0,1.3,,M1607,0.0,29,garde d'enfants et absence de moyen de transport,1,2,0.58,v2.0.0,2026-09-01T18:00:00+00:00
REQ-00011,0,,0.9,Bac,N4301,0.0,01,freins périphériques et illettrisme numérique,2,1,0.4333,v2.0.0,2026-09-01T19:00:00+00:00
REQ-00012,0,30.0,2.4,Bac+2,D1406,1.0,51,mobilité géographique et zone mal desservie,1,1,0.5933,v2.0.0,2026-09-01T20:00:00+00:00
REQ-00013,0,32.0,1.6,Bac,D1401,1.0,81,dynamisme et clarté du projet professionnel,0,0,0.6567,v2.0.0,2026-09-01T21:00:00+00:00
REQ-00014,0,25.0,2.8,Bac,N1101,1.0,2A,compétences techniques à jour et reprise rapide,0,0,0.9033,v2.0.0,2026-09-01T22:00:00+00:00
REQ-00015,0,54.0,3.8,Bac+2,G1801,0.0,70,reconversion et besoin de formation,1,1,0.85,v2.0.0,2026-09-01T23:00:00+00:00
REQ-00016,0,42.0,0.8,Bac,H1206,0.0,88,dynamisme et clarté du projet professionnel,0,0,0.9233,v2.0.0,2026-09-02T00:00:00+00:00
REQ-00017,0,28.0,0.5,Bac+2,N1101,1.0,30,réactualisation des compétences sur les outils numériques,1,1,0.8167,v2.0.0,2026-09-02T01:00:00+00:00
REQ-00018,0,42.0,0.2,Bac,N1301,1.0,14,profil autonome sans aucun frein,0,0,0.7533,v2.0.0,2026-09-02T02:00:00+00:00
REQ-00019,0,59.0,9.4,Bac,A1301,0.0,64,perte de confiance et barrière de la langue,2,2,0.62,v2.0.0,2026-09-02T03:00:00+00:00
REQ-00020,0,57.0,1.6,Bac,K2111,1.0,11,mobilité géographique et zone mal desservie,1,1,0.84,v2.0.0,2026-09-02T04:00:00+00:00
REQ-00021,0,28.0,1.8,Sans diplôme,C1110,1.0,07,réactualisation des compétences sur les outils numériques,1,1,0.7733,v2.0.0,2026-09-02T05:00:00+00:00
REQ-00022,0,63.0,3.0,Bac+5,K1403,0.0,33,mobilité géographique et zone mal desservie,1,1,0.8267,v2.0.0,2026-09-02T06:00:00+00:00
REQ-00023,0,30.0,4.7,Bac+2,A1301,0.0,70,reconversion et besoin de formation,1,1,0.8533,v2.0.0,2026-09-02T07:00:00+00:00
REQ-00024,0,58.0,5.4,Sans diplôme,H1206,1.0,02,réactualisation des compétences sur les outils numériques,2,1,0.4867,v2.0.0,2026-09-02T08:00:00+00:00
REQ-00025,0,18.0,0.1,Bac+5,W1401,1.0,62,perte de confiance et barrière de la langue,0,0,0.5467,v2.0.0,2026-09-02T09:00:00+00:00
REQ-00026,0,23.0,1.5,Sans diplôme,H2502,1.0,46,reconversion et besoin de formation,1,1,0.66,v2.0.0,2026-09-02T10:00:00+00:00
REQ-00027,0,28.0,0.7,Bac,G1801,0.0,57,dynamisme et clarté du projet professionnel,2,0,0.6267,v2.0.0,2026-09-02T11:00:00+00:00
REQ-00028,0,56.0,5.3,Bac+5,C1302,0.0,23,reconversion et besoin de formation,1,1,0.81,v2.0.0,2026-09-02T12:00:00+00:00
REQ-00029,0,27.0,5.3,Bac+2,M1806,1.0,50,compétences techniques à jour et reprise rapide,2,0,0.9367,v2.0.0,2026-09-02T13:00:00+00:00
REQ-00030,0,47.0,0.5,Sans diplôme,M1203,0.0,62,dynamisme et clarté du projet professionnel,0,1,0.47,v2.0.0,2026-09-02T14:00:00+00:00
REQ-00031,0,38.0,9.3,Bac+2,M1203,0.0,17,mobilité géographique et zone mal desservie,1,1,0.7433,v2.0.0,2026-09-02T15:00:00+00:00
REQ-00032,1,34.0,0.5,Bac,M1607,1.0,88,dynamisme et clarté du projet professionnel,2,0,0.7433,v2.0.0,2026-09-02T16:00:00+00:00
REQ-00033,0,54.0,3.0,Bac,C1102,0.0,60,réactualisation des compétences sur les outils numériques,1,1,0.8533,v2.0.0,2026-09-02T17:00:00+00:00
REQ-00034,0,52.0,1.4,Bac+5,C1201,1.0,40,réactualisation des compétences sur les outils numériques,1,1,0.82,v2.0.0,2026-09-02T18:00:00+00:00
REQ-00035,0,51.0,3.9,Bac,M1602,1.0,28,profil autonome sans aucun frein,2,1,0.42,v2.0.0,2026-09-02T19:00:00+00:00
REQ-00036,0,27.0,0.3,Bac+2,M1501,1.0,11,freins périphériques et illettrisme numérique,2,1,0.44,v2.0.0,2026-09-02T20:00:00+00:00
REQ-00037,0,26.0,2.0,Bac+5,D1401,1.0,76,reconversion et besoin de formation,0,0,0.5867,v2.0.0,2026-09-02T21:00:00+00:00
REQ-00038,0,,5.0,Bac+2,H1504,1.0,26,dynamisme et clarté du projet professionnel,0,0,0.74,v2.0.0,2026-09-02T22:00:00+00:00
REQ-00039,0,59.0,3.0,Bac,K2111,1.0,76,garde d'enfants et absence de moyen de transport,1,2,0.7,v2.0.0,2026-09-02T23:00:00+00:00
REQ-00040,0,,1.4,Bac,J1506,1.0,25,perte de confiance et barrière de la langue,0,0,0.62,v2.0.0,2026-09-03T00:00:00+00:00
REQ-00041,0,56.0,2.1,Bac+2,D1210,1.0,70,mobilité géographique et zone mal desservie,1,1,0.79,v2.0.0,2026-09-03T01:00:00+00:00
REQ-00042,0,62.0,0.6,Sans diplôme,A1401,1.0,24,perte de confiance et barrière de la langue,2,2,0.79,v2.0.0,2026-09-03T02:00:00+00:00
REQ-00043,0,62.0,1.5,Bac+5,N1101,0.0,29,mobilité géographique et zone mal desservie,1,1,0.82,v2.0.0,2026-09-03T03:00:00+00:00
REQ-00044,0,61.0,0.9,Bac+5,C1102,0.0,58,mobilité géographique et zone mal desservie,1,1,0.81,v2.0.0,2026-09-03T04:00:00+00:00
REQ-00045,0,35.0,4.6,Bac,J1506,1.0,57,réactualisation des compétences sur les outils numériques,1,0,0.4633,v2.0.0,2026-09-03T05:00:00+00:00
REQ-00046,1,33.0,5.3,Bac+5,K2111,0.0,39,profil autonome sans aucun frein,0,0,0.8433,v2.0.0,2026-09-03T06:00:00+00:00
REQ-00047,0,61.0,3.4,Bac,W1401,0.0,55,freins périphériques et illettrisme numérique,2,2,0.5467,v2.0.0,2026-09-03T07:00:00+00:00
REQ-00048,0,63.0,0.6,Sans diplôme,H2502,1.0,91,reconversion et besoin de formation,1,2,0.63,v2.0.0,2026-09-03T08:00:00+00:00
REQ-00049,0,34.0,0.5,,D1406,,54,reconversion et besoin de formation,0,1,0.72,v2.0.0,2026-09-03T09:00:00+00:00
REQ-00050,0,59.0,0.4,Bac,F1603,1.0,57,réactualisation des compétences sur les outils numériques,0,1,0.87,v2.0.0,2026-09-03T10:00:00+00:00
REQ-00051,0,,8.1,Sans diplôme,A1501,1.0,76,réactualisation des compétences sur les outils numériques,2,1,0.64,v2.0.0,2026-09-03T11:00:00+00:00
REQ-00052,0,21.0,2.8,Bac+5,A1203,1.0,66,perte de confiance et barrière de la langue,2,0,0.48,v2.0.0,2026-09-03T12:00:00+00:00
REQ-00053,0,62.0,1.1,Bac,H1206,0.0,55,dynamisme et clarté du projet professionnel,1,1,0.49,v2.0.0,2026-09-03T13:00:00+00:00
REQ-00054,0,,3.5,Bac+5,N1101,1.0,59,dynamisme et clarté du projet professionnel,0,0,0.91,v2.0.0,2026-09-03T14:00:00+00:00
REQ-00055,0,45.0,8.8,Bac+5,M1602,0.0,29,compétences techniques à jour et reprise rapide,0,0,0.6467,v2.0.0,2026-09-03T15:00:00+00:00
REQ-00056,0,37.0,0.5,Bac+2,H1504,0.0,60,dynamisme et clarté du projet professionnel,0,0,0.81,v2.0.0,2026-09-03T16:00:00+00:00
REQ-00057,0,36.0,0.4,Bac,K1304,0.0,11,profil autonome sans aucun frein,0,0,0.8733,v2.0.0,2026-09-03T17:00:00+00:00
REQ-00058,0,58.0,5.2,Bac+5,K2111,1.0,25,réactualisation des compétences sur les outils numériques,1,1,0.8333,v2.0.0,2026-09-03T18:00:00+00:00
REQ-00059,1,,5.2,Bac,H1504,0.0,42,texte_manquant,1,0,0.5733,v2.0.0,2026-09-03T19:00:00+00:00
REQ-00060,0,25.0,5.2,Bac+5,J1506,1.0,61,perte de confiance et barrière de la langue,0,0,0.66,v2.0.0,2026-09-03T20:00:00+00:00
REQ-00061,0,20.0,2.6,Bac+5,A1202,1.0,01,mobilité géographique et zone mal desservie,0,1,0.47,v2.0.0,2026-09-03T21:00:00+00:00
REQ-00062,0,34.0,3.1,Sans diplôme,K1903,0.0,38,freins périphériques et illettrisme numérique,1,1,0.4633,v2.0.0,2026-09-03T22:00:00+00:00
REQ-00063,0,40.0,18.3,Bac+5,N1303,0.0,54,garde d'enfants et absence de moyen de transport,0,0,0.47,v2.0.0,2026-09-03T23:00:00+00:00
REQ-00064,0,19.0,1.8,Sans diplôme,D1401,1.0,63,mobilité géographique et zone mal desservie,1,1,0.6233,v2.0.0,2026-09-04T00:00:00+00:00
REQ-00065,0,55.0,8.0,Bac+2,K1304,0.0,34,réactualisation des compétences sur les outils numériques,0,1,0.5133,v2.0.0,2026-09-04T01:00:00+00:00
REQ-00066,1,55.0,1.1,Sans diplôme,J1506,1.0,30,mobilité géographique et zone mal desservie,2,1,0.3767,v2.0.0,2026-09-04T02:00:00+00:00
REQ-00067,0,19.0,3.9,Bac,M1501,0.0,21,profil autonome sans aucun frein,0,0,0.7367,v2.0.0,2026-09-04T03:00:00+00:00
REQ-00068,0,46.0,4.5,,A1301,0.0,71,mobilité géographique et zone mal desservie,1,1,0.8133,v2.0.0,2026-09-04T04:00:00+00:00
REQ-00069,0,18.0,3.4,Bac+2,K1304,1.0,21,garde d'enfants et absence de moyen de transport,1,0,0.43,v2.0.0,2026-09-04T05:00:00+00:00
REQ-00070,0,55.0,4.6,Bac,G1801,0.0,30,garde d'enfants et absence de moyen de transport,1,2,0.74,v2.0.0,2026-09-04T06:00:00+00:00
REQ-00071,0,43.0,0.2,Sans diplôme,G1302,0.0,65,dynamisme et clarté du projet professionnel,1,1,0.3933,v2.0.0,2026-09-04T07:00:00+00:00
REQ-00072,0,56.0,4.9,Bac,N4101,1.0,10,réactualisation des compétences sur les outils numériques,1,1,0.7833,v2.0.0,2026-09-04T08:00:00+00:00
REQ-00073,0,31.0,0.3,Sans diplôme,M1801,1.0,78,reconversion et besoin de formation,1,1,0.7667,v2.0.0,2026-09-04T09:00:00+00:00
REQ-00074,1,25.0,6.4,Bac,N4101,0.0,76,freins périphériques et illettrisme numérique,0,0,0.4333,v2.0.0,2026-09-04T10:00:00+00:00
REQ-00075,0,36.0,3.4,Sans diplôme,M1501,0.0,59,reconversion et besoin de formation,1,1,0.7833,v2.0.0,2026-09-04T11:00:00+00:00
REQ-00076,1,18.0,0.8,Bac+5,G1602,1.0,10,réactualisation des compétences sur les outils numériques,1,1,0.4933,v2.0.0,2026-09-04T12:00:00+00:00
REQ-00077,0,50.0,1.9,Sans diplôme,M1806,1.0,70,profil autonome sans aucun frein,1,0,0.5333,v2.0.0,2026-09-04T13:00:00+00:00
REQ-00078,0,29.0,1.4,Sans diplôme,W1401,0.0,21,profil autonome sans aucun frein,1,1,0.4133,v2.0.0,2026-09-04T14:00:00+00:00
REQ-00079,0,61.0,10.4,,K1403,1.0,19,mobilité géographique et zone mal desservie,2,1,0.5633,v2.0.0,2026-09-04T15:00:00+00:00
REQ-00080,0,25.0,1.6,Bac,A1203,0.0,41,mobilité géographique et zone mal desservie,1,1,0.89,v2.0.0,2026-09-04T16:00:00+00:00
REQ-00081,0,26.0,0.7,Bac+2,M1805,1.0,09,profil autonome sans aucun frein,0,0,0.93,v2.0.0,2026-09-04T17:00:00+00:00
REQ-00082,0,23.0,0.9,Sans diplôme,J1301,1.0,67,reconversion et besoin de formation,1,1,0.63,v2.0.0,2026-09-04T18:00:00+00:00
REQ-00083,0,39.0,4.4,Bac,C1201,1.0,11,compétences techniques à jour et reprise rapide,0,0,0.9067,v2.0.0,2026-09-04T19:00:00+00:00
REQ-00084,0,60.0,8.3,Bac,D1502,1.0,21,mobilité géographique et zone mal desservie,2,1,0.5933,v2.0.0,2026-09-04T20:00:00+00:00
REQ-00085,0,,1.0,Bac+2,K1201,0.0,62,profil autonome sans aucun frein,0,0,0.89,v2.0.0,2026-09-04T21:00:00+00:00
REQ-00086,0,30.0,3.1,Bac+5,N1101,1.0,83,mobilité géographique et zone mal desservie,0,0,0.4933,v2.0.0,2026-09-04T22:00:00+00:00
REQ-00087,0,49.0,2.3,Bac,C1102,1.0,64,freins périphériques et illettrisme numérique,0,0,0.6,v2.0.0,2026-09-04T23:00:00+00:00
REQ-00088,1,25.0,0.8,Bac,M1602,0.0,51,profil autonome sans aucun frein,1,0,0.72,v2.0.0,2026-09-05T00:00:00+00:00
REQ-00089,0,50.0,19.6,Bac+5,F1603,1.0,64,mobilité géographique et zone mal desservie,1,1,0.53,v2.0.0,2026-09-05T01:00:00+00:00
REQ-00090,1,41.0,1.5,Bac,M1607,1.0,89,compétences techniques à jour et reprise rapide,1,0,0.4633,v2.0.0,2026-09-05T02:00:00+00:00
REQ-00091,0,40.0,1.0,Bac+5,J1301,1.0,24,profil autonome sans aucun frein,0,0,0.9767,v2.0.0,2026-09-05T03:00:00+00:00
REQ-00092,0,29.0,0.4,Sans diplôme,G1601,0.0,22,garde d'enfants et absence de moyen de transport,1,2,0.5567,v2.0.0,2026-09-05T04:00:00+00:00
REQ-00093,0,20.0,1.1,Bac+2,D1210,0.0,74,réactualisation des compétences sur les outils numériques,1,1,0.6867,v2.0.0,2026-09-05T05:00:00+00:00
REQ-00094,0,18.0,3.7,Bac+5,F1603,0.0,45,reconversion et besoin de formation,0,1,0.54,v2.0.0,2026-09-05T06:00:00+00:00
REQ-00095,0,46.0,1.9,Bac+2,K1304,1.0,25,dynamisme et clarté du projet professionnel,0,0,0.8833,v2.0.0,2026-09-05T07:00:00+00:00
REQ-00096,0,,5.6,Bac+5,N4101,1.0,38,compétences techniques à jour et reprise rapide,0,0,0.8667,v2.0.0,2026-09-05T08:00:00+00:00
REQ-00097,1,25.0,4.3,Bac+5,W1401,1.0,21,compétences techniques à jour et reprise rapide,0,0,0.82,v2.0.0,2026-09-05T09:00:00+00:00
REQ-00098,1,47.0,1.2,Sans diplôme,A1203,1.0,08,freins périphériques et illettrisme numérique,1,2,0.4867,v2.0.0,2026-09-05T10:00:00+00:00
REQ-00099,0,52.0,1.6,Bac,N1101,0.0,28,reconversion et besoin de formation,1,1,0.7967,v2.0.0,2026-09-05T11:00:00+00:00
REQ-00100,0,59.0,0.3,Bac,M1607,1.0,02,reconversion et besoin de formation,2,1,0.68,v2.0.0,2026-09-05T12:00:00+00:00
REQ-00101,0,56.0,7.4,Bac+2,K1201,0.0,45,reconversion et besoin de formation,1,1,0.76,v2.0.0,2026-09-05T13:00:00+00:00
REQ-00102,0,19.0,3.0,Sans diplôme,G1203,1.0,53,compétences techniques à jour et reprise rapide,1,1,0.6233,v2.0.0,2026-09-05T14:00:00+00:00
REQ-00103,0,59.0,5.1,Bac+2,A1202,1.0,31,mobilité géographique et zone mal desservie,1,1,0.8867,v2.0.0,2026-09-05T15:00:00+00:00
REQ-00104,0,43.0,3.5,Bac,N1303,1.0,56,réactualisation des compétences sur les outils numériques,0,1,0.83,v2.0.0,2026-09-05T16:00:00+00:00
REQ-00105,0,39.0,0.2,Bac+5,D1401,1.0,88,dynamisme et clarté du projet professionnel,0,0,0.9333,v2.0.0,2026-09-05T17:00:00+00:00
REQ-00106,0,24.0,1.3,Bac+5,K1304,1.0,05,reconversion et besoin de formation,0,0,0.51,v2.0.0,2026-09-05T18:00:00+00:00
REQ-00107,0,28.0,0.7,Bac,G1302,1.0,61,reconversion et besoin de formation,1,1,0.9,v2.0.0,2026-09-05T19:00:00+00:00
REQ-00108,0,29.0,2.5,Bac,M1801,0.0,47,reconversion et besoin de formation,0,1,0.8367,v2.0.0,2026-09-05T20:00:00+00:00
REQ-00109,0,49.0,1.6,Bac+5,K1304,1.0,81,garde d'enfants et absence de moyen de transport,0,0,0.7067,v2.0.0,2026-09-05T21:00:00+00:00
REQ-00110,0,22.0,4.9,Bac,K1304,1.0,41,mobilité géographique et zone mal desservie,1,1,0.6533,v2.0.0,2026-09-05T22:00:00+00:00
REQ-00111,0,28.0,8.6,Bac,H1206,0.0,32,garde d'enfants et absence de moyen de transport,1,2,0.5267,v2.0.0,2026-09-05T23:00:00+00:00
REQ-00112,0,,1.4,Bac+2,C1201,0.0,19,dynamisme et clarté du projet professionnel,0,0,0.9033,v2.0.0,2026-09-06T00:00:00+00:00
REQ-00113,0,42.0,1.4,Bac+5,G1601,0.0,79,compétences techniques à jour et reprise rapide,0,0,0.9867,v2.0.0,2026-09-06T01:00:00+00:00
REQ-00114,0,20.0,0.2,Bac,A1203,1.0,36,reconversion et besoin de formation,1,1,0.9233,v2.0.0,2026-09-06T02:00:00+00:00
REQ-00115,0,22.0,6.6,Bac,I1304,0.0,08,compétences techniques à jour et reprise rapide,0,0,0.8533,v2.0.0,2026-09-06T03:00:00+00:00
REQ-00116,0,52.0,2.4,Bac+5,C1110,1.0,24,mobilité géographique et zone mal desservie,2,1,0.8367,v2.0.0,2026-09-06T04:00:00+00:00
REQ-00117,0,52.0,1.1,Sans diplôme,H2502,1.0,59,réactualisation des compétences sur les outils numériques,1,1,0.6633,v2.0.0,2026-09-06T05:00:00+00:00
REQ-00118,0,,11.3,Bac,C1201,0.0,58,garde d'enfants et absence de moyen de transport,1,2,0.5867,v2.0.0,2026-09-06T06:00:00+00:00
REQ-00119,0,43.0,1.9,Sans diplôme,M1501,0.0,59,garde d'enfants et absence de moyen de transport,2,2,0.5067,v2.0.0,2026-09-06T07:00:00+00:00
REQ-00120,0,54.0,7.8,Sans diplôme,N4101,1.0,86,perte de confiance et barrière de la langue,2,2,0.8033,v2.0.0,2026-09-06T08:00:00+00:00
REQ-00121,1,52.0,22.0,Bac+5,I1304,1.0,59,freins périphériques et illettrisme numérique,2,2,0.69,v2.0.0,2026-09-06T09:00:00+00:00
REQ-00122,0,23.0,8.2,Sans diplôme,M1801,0.0,79,reconversion et besoin de formation,1,1,0.56,v2.0.0,2026-09-06T10:00:00+00:00
REQ-00123,1,42.0,1.7,Bac+5,K1304,1.0,24,réactualisation des compétences sur les outils numériques,1,0,0.55,v2.0.0,2026-09-06T11:00:00+00:00
REQ-00124,0,34.0,3.3,Bac+2,M1802,1.0,38,réactualisation des compétences sur les outils numériques,0,1,0.7433,v2.0.0,2026-09-06T12:00:00+00:00
REQ-00125,0,34.0,7.4,Bac,C1302,0.0,33,reconversion et besoin de formation,1,1,0.4967,v2.0.0,2026-09-06T13:00:00+00:00
REQ-00126,0,,0.3,Bac+2,F1603,0.0,64,freins périphériques et illettrisme numérique,2,1,0.3667,v2.0.0,2026-09-06T14:00:00+00:00
REQ-00127,0,40.0,7.7,Bac,G1801,1.0,61,mobilité géographique et zone mal desservie,1,1,0.8267,v2.0.0,2026-09-06T15:00:00+00:00
REQ-00128,0,49.0,5.0,Bac,C1302,0.0,24,freins périphériques et illettrisme numérique,0,0,0.59,v2.0.0,2026-09-06T16:00:00+00:00
REQ-00129,0,25.0,1.0,Bac,M1801,1.0,51,dynamisme et clarté du projet professionnel,0,0,0.8233,v2.0.0,2026-09-06T17:00:00+00:00
REQ-00130,0,46.0,5.6,Bac+2,H1504,1.0,45,dynamisme et clarté du projet professionnel,0,0,0.8,v2.0.0,2026-09-06T18:00:00+00:00
REQ-00131,0,56.0,2.7,Bac,A1401,0.0,09,garde d'enfants et absence de moyen de transport,2,2,0.72,v2.0.0,2026-09-06T19:00:00+00:00
REQ-00132,1,19.0,1.1,Bac+5,A1301,1.0,10,mobilité géographique et zone mal desservie,1,0,0.57,v2.0.0,2026-09-06T20:00:00+00:00
REQ-00133,0,25.0,0.8,Bac+5,C1102,0.0,71,reconversion et besoin de formation,0,0,0.5267,v2.0.0,2026-09-06T21:00:00+00:00
REQ-00134,0,37.0,1.6,Bac+2,K2101,1.0,11,mobilité géographique et zone mal desservie,0,1,0.7233,v2.0.0,2026-09-06T22:00:00+00:00
REQ-00135,0,45.0,1.1,Bac,N4301,0.0,76,profil autonome sans aucun frein,0,0,0.5267,v2.0.0,2026-09-06T23:00:00+00:00
REQ-00136,0,53.0,1.7,Bac+2,N4301,1.0,52,freins périphériques et illettrisme numérique,1,2,0.5433,v2.0.0,2026-09-07T00:00:00+00:00
REQ-00137,0,32.0,7.9,Bac+5,D1502,0.0,45,profil autonome sans aucun frein,0,0,0.75,v2.0.0,2026-09-07T01:00:00+00:00
REQ-00138,0,37.0,4.6,Sans diplôme,H2502,0.0,71,garde d'enfants et absence de moyen de transport,2,2,0.5367,v2.0.0,2026-09-07T02:00:00+00:00
REQ-00139,0,49.0,1.9,Bac,H1206,0.0,65,réactualisation des compétences sur les outils numériques,0,1,0.6567,v2.0.0,2026-09-07T03:00:00+00:00
REQ-00140,0,48.0,2.7,Bac,I1304,1.0,43,freins périphériques et illettrisme numérique,0,0,0.7033,v2.0.0,2026-09-07T04:00:00+00:00
REQ-00141,0,45.0,5.9,Bac,K1601,1.0,31,mobilité géographique et zone mal desservie,1,1,0.8567,v2.0.0,2026-09-07T05:00:00+00:00
REQ-00142,0,52.0,2.2,Bac+5,K1304,1.0,65,reconversion et besoin de formation,1,1,0.85,v2.0.0,2026-09-07T06:00:00+00:00
REQ-00143,0,30.0,4.1,Bac,K2101,1.0,77,profil autonome sans aucun frein,0,0,0.8933,v2.0.0,2026-09-07T07:00:00+00:00
REQ-00144,0,40.0,0.0,Sans diplôme,J1301,1.0,58,dynamisme et clarté du projet professionnel,0,0,0.51,v2.0.0,2026-09-07T08:00:00+00:00
REQ-00145,0,57.0,0.3,Bac+5,G1601,1.0,80,perte de confiance et barrière de la langue,1,1,0.5033,v2.0.0,2026-09-07T09:00:00+00:00
REQ-00146,0,22.0,4.4,Bac+5,D1502,1.0,57,profil autonome sans aucun frein,0,0,0.8967,v2.0.0,2026-09-07T10:00:00+00:00
REQ-00147,0,24.0,1.0,Bac+5,C1110,1.0,57,réactualisation des compétences sur les outils numériques,0,1,0.5733,v2.0.0,2026-09-07T11:00:00+00:00
REQ-00148,0,54.0,1.4,Bac,M1806,0.0,27,réactualisation des compétences sur les outils numériques,1,1,0.4867,v2.0.0,2026-09-07T12:00:00+00:00
REQ-00149,0,60.0,1.9,Sans diplôme,N4301,0.0,05,perte de confiance et barrière de la langue,2,2,0.84,v2.0.0,2026-09-07T13:00:00+00:00
