"synthese_entretien_prepare","famille_thematique","score_confiance","modele","date_etiquetage"
"Candidat très dynamique, mobilité nationale validée. Projet clair.","dynamisme et clarté du projet professionnel","0.7301","cmarkea/distilcamembert-base-nli","2026-09-22"
"Compétences à réactualiser sur les outils numériques. Motivation correcte.","réactualisation des compétences sur les outils numériques","0.7278","cmarkea/distilcamembert-base-nli","2026-09-22"
"Cumul de difficultés. Pas de moyen de transport et garde d'enfants complexe.","garde d'enfants et absence de moyen de transport","0.8344","cmarkea/distilcamembert-base-nli","2026-09-22"
"Excellente présentation, compétences techniques à jour. Reprise rapide visée.","compétences techniques à jour et reprise rapide","0.8354","cmarkea/distilcamembert-base-nli","2026-09-22"
"Freins périphériques majeurs. Situation d'illettrisme numérique constatée.","freins périphériques et illettrisme numérique","0.72","cmarkea/distilcamembert-base-nli","2026-09-22"
"Perte de confiance importante. Risque d'exclusion, barrière de la langue.","perte de confiance et barrière de la langue","0.8233","cmarkea/distilcamembert-base-nli","2026-09-22"
"Problème ponctuel de mobilité géographique. Zone mal desservie.","mobilité géographique et zone mal desservie","0.9088","cmarkea/distilcamembert-base-nli","2026-09-22"
"Profil autonome, recherche active, aucun frein périphérique identifié.","profil autonome sans aucun frein","0.851","cmarkea/distilcamembert-base-nli","2026-09-22"
"Projet de reconversion à affiner. Besoin d'une formation complémentaire.","reconversion et besoin de formation","0.9289","cmarkea/distilcamembert-base-nli","2026-09-22"
